Day,Path,Comments
1,raw_data/Timing_complete-21.11.09.csv,
2,raw_data/Timing_complete-21.11.10.csv,
3,raw_data/Timing_complete-21.11.11.csv,
4,raw_data/Timing_complete-21.11.12.csv,
5,raw_data/Timing_complete-21.11.13.csv,
6,raw_data/Timing_complete-21.11.14.csv,
7,raw_data/Timing_complete-21.11.15.csv,
8,raw_data/Timing_complete-21.11.16.csv,
9,raw_data/Timing_complete-21.11.17.csv,
10,raw_data/Timing_complete-21.11.18.csv,
11,raw_data/Timing_complete-21.11.19.csv,
12,raw_data/Timing_complete-21.11.20.csv,
13,raw_data/Timing_complete-21.11.21.csv,
14,raw_data/Timing_complete-21.11.22.csv,
15,raw_data/Timing_complete-21.11.23.csv,
16,raw_data/Timing_complete-21.11.24.csv,
17,raw_data/Timing_complete-21.11.25.csv,
18,raw_data/Timing_complete-21.11.26.csv,
19,raw_data/Timing_complete-21.11.27.csv,
20,raw_data/Timing_complete-21.11.28.csv,
21,raw_data/Timing_complete-21.11.29.csv,
22,raw_data/Timing_complete-21.11.30.csv,
23,raw_data/Timing_complete-21.12.01.csv,
24,raw_data/Timing_complete-21.12.02.csv,
25,raw_data/Timing_complete-21.12.03.csv,
26,raw_data/Timing_complete-21.12.04.csv,
27,raw_data/Timing_complete-21.12.05.csv,
28,raw_data/Timing_complete-21.12.06.csv,
29,raw_data/Timing_complete-21.12.07.csv,
30,raw_data/Timing_complete-21.12.08.csv,
31,raw_data/Timing_complete-21.12.09.csv,
32,raw_data/Timing_complete-21.12.10.csv,
33,raw_data/Timing_complete-21.12.11.csv,
34,raw_data/Timing_complete-21.12.12.csv,
35,raw_data/Timing_complete-21.12.13.csv,
36,raw_data/Timing_complete-21.12.14.csv,
37,raw_data/Timing_complete-21.12.15.csv,
38,raw_data/Timing_complete-21.12.16.csv,
39,raw_data/Timing_complete-21.12.17.csv,